{
  "project_info": {
    "project_number": "1087279711789",
    "project_id": "stock-app-7c343",
    "storage_bucket": "stock-app-7c343.appspot.com"
  },
  "client": [
    {
      "client_info": {
        "mobilesdk_app_id": "1:1087279711789:android:36002e692c27295b749aa4",
        "android_client_info": {
          "package_name": "com.companysajk.stock_app"
        }
      },
      "oauth_client": [
        {
          "client_id": "1087279711789-5mrkck7st7h6o7sj28do9t7cie77okcn.apps.googleusercontent.com",
          "client_type": 1,
          "android_info": {
            "package_name": "com.companysajk.stock_app",
            "certificate_hash": "d547bf3d6ac03c3e495f558a988522b010e0c5c9"
          }
        },
        {
          "client_id": "1087279711789-7i436hrs6er4q75hsjttv4l7ffb18ssn.apps.googleusercontent.com",
          "client_type": 3
        }
      ],
      "api_key": [
        {
          "current_key": "AIzaSyAnx8yN5FUp79kudii80JpZrW-xzm7RChg"
        }
      ],
      "services": {
        "appinvite_service": {
          "other_platform_oauth_client": [
            {
              "client_id": "1087279711789-7i436hrs6er4q75hsjttv4l7ffb18ssn.apps.googleusercontent.com",
              "client_type": 3
            },
            {
              "client_id": "1087279711789-bv4j129uv6te02ndte5skcku3h0qo8o2.apps.googleusercontent.com",
              "client_type": 2,
              "ios_info": {
                "bundle_id": "com.companysajk.stockApp"
              }
            }
          ]
        }
      }
    }
  ],
  "configuration_version": "1"
}